Family_ch,Alphabet,scientific_name
裳蛾科,P,Plusiodonta coelonota
裳蛾科,S,Sympis rufibasis
尺蛾科,D,Dindica kishidai
裳蛾科,E,Euproctis taiwana
斑蛾科,H,Histia flabellicornis ultima
天蠶蛾科,A,Actias sinensis subaurea
裳蛾科,A,Aglaomorpha histrio formosana
枯葉蛾科,P,Paralebeda femorata mirabilis
裳蛾科,L,Lemyra nigricosta
斑蛾科,G,Gynautocera rubriscutellata
尺蛾科,H,Hyposidra talaca talaca
裳蛾科,M,Macrobrochis gigas
裳蛾科,O,Olene mendosa
裳蛾科,A,Areas galactina formosana
裳蛾科,C,Caduca albopunctata
天蛾科,M,Marumba cristata bukaiana
尺蛾科,A,Amblychia angeronaria
天蛾科,P,Parum colligata
蠶蛾科,E,Ernolatia moorei
尺蛾科,E,Eumelea ludovicata
瘤蛾科,C,Camptoloma carum
裳蛾科,P,Perina nuda
斑蛾科,Z,Zama horni
草螟蛾科,N,Nymphicula yoshiyasui
枯葉蛾科,T,Trabala vishnou guttata
斑蛾科,C,Chalcosia thaivana thaivana
斑蛾科,A,Arbudas leno
裳蛾科,L,Lymantria xylina xylina
裳蛾科,F,Fodina contigua
尺蛾科,H,Hyposidra infixaria
尺蛾科,K,Krananda latimarginaria
尺蛾科,K,Krananda oliveomarginata
尺蛾科,C,Chiasmia eleonora
裳蛾科,P,Platyja acerces
尺蛾科,N,Nothomiza flavicosta
尺蛾科,X,Xandrames latiferaria curvistriga
鉤蛾科,D,Drapetodes mitaria
夜蛾科,C,Condica illecta
裳蛾科,E,Erebus ephesperis
燕蛾科,P,Pterotosoma castanea castanea
樺蛾科,A,Andraca theae
斑蛾科,E,Eterusia aedea formosana
尺蛾科,H,Heterolocha coccinea
裳蛾科,C,Chrysaeglia magnifica
舟蛾科,P,Phalera flavescens flavescens
舟蛾科,D,Disparia diluta variegata
裳蛾科,E,Erebus gemmans
裳蛾科,M,Manulea hokopo
尺蛾科,E,Ecliptopera benigna
尺蛾科,C,Chiasmia intermediaria
尺蛾科,T,Tanaorhinus formosana
尺蛾科,E,Epobeidia tigrata maxima
天蛾科,N,Notonagemia analis gressitti
裳蛾科,A,Asota egens confinis
鉤蛾科,O,Oreta extensa
刺蛾科,P,Parasa pastoralis
天蛾科,P,Psilogramma increta
尺蛾科,C,Chiasmia emersaria
尺蛾科,C,Calletaera obliquata
刺蛾科,S,Susica sinensis
鉤蛾科,L,Leucodrepana serratilinea
天蛾科,T,Theretra tibetiana
刺蛾科,C,Cania heppneri
尺蛾科,A,Acolutha pulchella semifulva
斑蛾科,C,Clelea simplicior
尺蛾科,P,Pareclipsis serrulata
裳蛾科,B,Bastilla praetermissa
天蛾科,A,Acosmerycoides harterti
天蠶蛾科,A,Actias ningpoana ningtaiwana
天蛾科,C,Cephonodes hylas
枯葉蛾科,O,Odonestis bheroba formosae
天蠶蛾科,A,Attacus atlas atlas
裳蛾科,O,Olene dudgeoni
瘤蛾科,X,Xenochroa internifusca
裳蛾科,I,Ilema nachiensis
天蛾科,A,Amplypterus mansoni takamukui
裳蛾科,A,Asota heliconia zebrina
斑蛾科,S,Soritia strandi
尺蛾科,L,Lassaba parvalbidaria parvalbidaria
尺蛾科,P,Pogonopygia pavida pavida
尺蛾科,O,Orthocabera sericea sericea
裳蛾科,O,Ommatophora luminosa
尺蛾科,B,Biston perclara
燕蛾科,D,Dysaethria flavistriga
草螟蛾科,M,Maruca vitrata
裳蛾科,L,Lymantria mathura subpallida
夜蛾科,A,Arcte coerula
天蛾科,C,Clanis bilineata formosana
尺蛾科,O,Ourapteryx sciticaudaria
夜蛾科,T,Trichosea champa
尺蛾科,O,Ourapteryx yerburii virescens
裳蛾科,S,Somena scintillans
裳蛾科,T,Treitschkendia subtriplex
草螟蛾科,C,Cirrhochrista spinuella
蠶蛾科,B,Bombyx mandarina formosana
鉤蛾科,P,Phalacra strigata insulicola
裳蛾科,H,Hypersypnoides submarginata submarginata
夜蛾科,X,Xylostola indistincta
夜蛾科,T,Tiracola aureata
裳蛾科,C,Cyana hamata hamata
尺蛾科,A,Achrosis rufescens
尺蛾科,B,Berta rugosivalva
舞蛾科,C,Choreutis amethystodes
舞蛾科,S,Saptha divitiosa
草螟蛾科,L,Lamprosema commixta
尺蛾科,O,Ourapteryx clara formosana
裳蛾科,E,Eudocima salaminia
尺蛾科,H,Hypochrosis baenzigeri
籮紋蛾科,B,Brahmaea wallichii insulata
蠹蛾科,X,Xyleutes strix
天蛾科,C,Cypoides chinensis
刺蛾科,T,Thespea virescens
夜蛾科,N,Nacna buschmannferenci
裳蛾科,E,Euproctis baibarana
裳蛾科,N,Nyctemera lacticinia
夜蛾科,S,Spodoptera litura
帶蛾科,P,Palirisa cervina formosana
尺蛾科,C,Chlorodontopera discospilata
裳蛾科,S,Serrodes campana
天蠶蛾科,A,Antheraea superba
篩蛾科,E,Ethmia lineatonotella
舟蛾科,K,Kamalia tattakana
尺蛾科,F,Fascellina chromataria
瘤蛾科,R,Risoba yanagitai
天蠶蛾科,S,Samia wangi
裳蛾科,S,Syntomoides imaon
斑蛾科,Z,Zeuxippa formosa
天蛾科,N,Neogurelca hyas
天蛾科,A,Ambulyx ochracea ochracea
夜蛾科,E,Episteme lectrix sauteri
尺蛾科,P,Pingasa ruginaria pacifica
燕蛾科,M,Micronia aculeata
尺蛾科,P,Perixera decretaria
刺蛾科,B,Belippa horrida
裳蛾科,H,Hypopyra ossigera
裳蛾科,T,Tamba lala
尺蛾科,X,Xerodes contiguaria
尺蛾科,T,Timandra stueningi
尺蛾科,T,Timandra convectaria
尺蛾科,K,Krananda falcata
尺蛾科,T,Traminda aventiaria
尺蛾科,L,Luxiaria mitorrhaphes
尺蛾科,S,Sarcinodes yayeyamana
舞蛾科,C,Choreutis basalis
斑蛾科,E,Eterusia taiwana
尺蛾科,L,Lomographa platyleucata marginata
草螟蛾科,C,Ceratarcha umbrosa
鉤蛾科,A,Albara reversaria opalescens
裳蛾科,P,Phyllodes eyndhovii
舟蛾科,S,Shaka mushana
裳蛾科,C,Calliteara angulata
裳蛾科,L,Lymantria sugii
尺蛾科,T,Thinopteryx crocoptera assamensis
裳蛾科,H,Hypocala deflorata deflorata
草螟蛾科,T,Tyspanodes hypsalis
蠶蛾科,T,Triuncina brunnea
螟蛾科,L,Locastra muscosalis
枯葉蛾科,L,Lebeda nobilis nobilis
裳蛾科,C,Cifuna locuples locuples
裳蛾科,C,Chrysorabdia vilemani
尺蛾科,P,Paradarisa chloauges chloauges
裳蛾科,H,Hesudra divisa
尺蛾科,P,Paradarisa comparataria rantaizanensis
舟蛾科,N,Netria multispinae multispinae
舟蛾科,S,Syntypistis comatus
裳蛾科,C,Cyana sanguinea
裳蛾科,L,Lemyra alikangensis
草螟蛾科,C,Cirrhochrista spissalis
裳蛾科,B,Barsine fuscozonata
草螟蛾科,S,Syllepte taiwanalis
裳蛾科,E,Enispa vinacea
裳蛾科,C,Conilepia nigricosta paiwan
舟蛾科,E,Euhampsonia formosana
尺蛾科,D,Danala lilacina
天蛾科,M,Marumba sperchius sperchius
刺蛾科,N,Narosoideus vulpina
裳蛾科,B,Bocana manifestalis
卵翅蛾科,N,Neopseustis meyricki
樺蛾科,A,Andraca olivacea
尺蛾科,P,Perizoma fasciaria
舟蛾科,H,Hyperaeschrella kosemponica
裳蛾科,C,Cyana formosana
尺蛾科,M,Monocerotesa virgata
裳蛾科,B,Bertula kosemponica
枯葉蛾科,M,Metanastria hyrtaca
裳蛾科,H,Hypena longipennis
夜蛾科,C,Cyclodes omma
尺蛾科,C,Cusiala boarmioides
尺蛾科,C,Catoria sublavaria
尺蛾科,M,Milionia zonea pryeri
瘤蛾科,B,Beara tortriciformis
裳蛾科,T,Thyas coronata
尺蛾科,E,Epobeidia lucifera extranigricans
錨紋蛾科,C,Callidula attenuata
裳蛾科,O,Ophiusa tirhaca
裳蛾科,M,Miltochrista acteola
裳蛾科,C,Conicornuta convexa
草螟蛾科,P,Patania deficiens
鉤蛾科,C,Cyclidia substigmaria substigmaria
尺蛾科,M,Mesastrape fulguraria fulguraria
裳蛾科,A,Anisoneura salebrosa
裳蛾科,S,Sypnoides simplex
裳蛾科,R,Rusicada privata
裳蛾科,L,Lygniodes hypoleuca
尺蛾科,P,Parapercnia giraffata
裳蛾科,R,Rusicada combinans
夜蛾科,T,Trachea auriplena auriplena
燕蛾科,D,Dysaethria cretacea
裳蛾科,E,Erebus albicincta obscurata
尺蛾科,C,Calletaera postvittata
裳蛾科,O,Oxacme cretacea
夜蛾科,A,Acronicta gigasa
瘤蛾科,G,Gadirtha fusca
裳蛾科,A,Arctornis jonasii
尺蛾科,E,Eustroma contorta
天蛾科,A,Acherontia lachesis
草螟蛾科,E,Eoophyla gibbosalis
尺蛾科,E,Ecliptopera rectilinea kanshinensis
夜蛾科,C,Callopistria maillardi maillardi
裳蛾科,M,Mataeomera biangulata
尺蛾科,P,Percnia suffusa
尺蛾科,T,Trotocraspeda divaricata
裳蛾科,V,Vamuna alboluteora
裳蛾科,P,Pilipectus prunifera
裳蛾科,G,Garudinia taioana
裳蛾科,C,Chamaita hirta
尺蛾科,O,Odontopera albiguttulata
草螟蛾科,P,Paracymoriza cataclystalis
裳蛾科,O,Olene suisharyonis
夜蛾科,D,Diarsia nigrosigna
瘤蛾科,T,Tyana falcata
天蠶蛾科,L,Loepa mirandula
天蠶蛾科,L,Loepa formosensis
尺蛾科,A,Alcis taiwanovariegata
草螟蛾科,N,Nomophila noctuella
裳蛾科,B,Brunia antica
裳蛾科,M,Mithuna arizana
瘤蛾科,N,Narangodes confluens
斑蛾科,E,Erasmia pulchella hobsoni
裳蛾科,P,Paraona staudingeri formosana
尺蛾科,T,Tanaoctenia haliaria
尺蛾科,O,Opisthograptis moelleri
尺蛾科,C,Chlorodontopera taiwana
鉤蛾科,M,Macrocilix mysticata flavotincta
鉤蛾科,D,Ditrigona triangularia
尺蛾科,C,Cleora contiguata contiguata
樺蛾科,O,Oberthueria formosibia
鉤蛾科,N,Nordstromia semililacina
裳蛾科,C,Cabardites limbata
尺蛾科,T,Timandra dichela
尺蛾科,O,Organopoda carnearia carnearia
草螟蛾科,P,Pygospila tyres
裳蛾科,A,Artena dotata
天蛾科,D,Daphnis hypothous crameri
刺蛾科,P,Parasa shirakii
尺蛾科,C,Chorodna moorei
裳蛾科,S,Spilarctia nydia werneri
尺蛾科,P,Percnia longitermen
尺蛾科,F,Fascellina plagiata
尺蛾科,X,Xenoplia trivialis
尺蛾科,C,Corymica spatiosa
天蛾科,R,Rhagastis binoculata
夜蛾科,C,Callopistria delicata
尺蛾科,O,Ourapteryx pallidula
裳蛾科,A,Aberrasine shiou
裳蛾科,C,Calliteara postfusca
裳蛾科,T,Thysanoptyx incurvata
尺蛾科,L,Lophophelma iterans onerosus
裳蛾科,C,Cyana quadripartita
裳蛾科,N,Nyctemera carissima formosana
草螟蛾科,C,Cnaphalocrocis medinalis
裳蛾科,T,Teulisna tumida
草螟蛾科,S,Spoladea recurvalis
夜蛾科,C,Callopistria pulchrilinea
尺蛾科,C,Comostola laesaria
草潛蛾科,L,Lamprystica purpurata
天蛾科,A,Agrius convolvuli
裳蛾科,N,Nyctemera adversata
蠹蛾科,R,Rapdalus pardicolor
裳蛾科,O,Olulis puncticinctalis
裳蛾科,P,Prolophota trigonifera
裳蛾科,T,Tochara creberrima
裳蛾科,M,Metaemene atrigutta
裳蛾科,B,Bastilla arcuata
舟蛾科,D,Dudusa nobilis
裳蛾科,E,Eudocima phalonia
裳蛾科,C,Cidariplura gladiata
尺蛾科,H,Hemithea tritonaria
草螟蛾科,P,Pachynoa thoosalis
瘤蛾科,W,Westermannia elliptica elliptica
裳蛾科,H,Hydrillodes lentalis
裳蛾科,H,Hipoepa biasalis
裳蛾科,E,Egnasia nagadeboides
裳蛾科,B,Bastilla absentimacula
裳蛾科,P,Paracolax sugii
裳蛾科,C,Cerynea igniaria
裳蛾科,P,Pericyma cruegeri
天蛾科,P,Pergesa acteus
裳蛾科,O,Oxyodes scrobiculata
裳蛾科,C,Creatonotos transiens koni
刺蛾科,S,Setora baibarana
裳蛾科,P,Pindara illibata
刺蛾科,C,Chalcoscelides castaneipars
鉤蛾科,O,Oreta insignis
夜蛾科,E,Elusa ustula
裳蛾科,A,Amerila astrea
舟蛾科,F,Fentonia baibarana
裳蛾科,D,Daddala lucilla
枯葉蛾科,K,Kunugia undans metanastroides
樺蛾科,C,Comparmustilia gerontica
草螟蛾科,N,Nevrina procopia
草螟蛾科,B,Bradina diagonalis
草螟蛾科,C,Camptomastix hisbonalis
裳蛾科,H,Hypena perspicua
夜蛾科,A,Axylia putris triseriata
枯葉蛾科,P,Paradoxopla sinuata taiwana
裳蛾科,L,Leucoma clara
螟蛾科,E,Endotricha olivacealis
裳蛾科,C,Calliteara horishanella
尺蛾科,P,Pachyodes subtrita
裳蛾科,A,Aberrasine lichenshihi
瘤蛾科,C,Carea varipes varipes
尺蛾科,A,Argyrocosma inductaria
天蛾科,T,Theretra boisduvalii
夜蛾科,C,Chrysodeixis heberachis
天蛾科,A,Acosmeryx castanea
裳蛾科,S,Spilarctia subcarnea
裳蛾科,S,Spilarctia postrubida
裳蛾科,T,Trigonodes hyppasia
裳蛾科,M,Mocis frugalis
裳蛾科,A,Adrapsa quadrilinealis
裳蛾科,M,Mocis undata
草螟蛾科,N,Nausinoe perspectata
裳蛾科,B,Blasticorhinus rivulosa
天蛾科,D,Dolbina formosana
刺蛾科,N,Narosoideus flavidorsalis
奇蛾科,A,Alampla arcifraga
尺蛾科,S,Somatina rosacea anaemica
蠶蛾科,T,Trilocha varians
尺蛾科,O,Ophthalmitis herbidaria
裳蛾科,S,Schistophleps bipuncta
裳蛾科,O,Orgyia postica
裳蛾科,B,Bertula abjudicalis
天蛾科,H,Hippotion celerio
草螟蛾科,N,Nausinoe geometralis
裳蛾科,L,Lemyra imparilis
草螟蛾科,P,Pseudargyria interruptella
刺蛾科,P,Parasa consocia
鉤蛾科,T,Tridrepana flava flava
網蛾科,P,Pyrinioides sinuosus
夜蛾科,C,Callopistria repleta
裳蛾科,D,Dunira punctimargo
裳蛾科,N,Notata parva
夜蛾科,T,Thysanoplusia reticulata
裳蛾科,S,Spilarctia wilemani
裳蛾科,A,Aroana baliensis
裳蛾科,N,Nanarsine semilutea
尺蛾科,X,Xanthorhoe saturata
瘤蛾科,M,Meganola triangulalis
裳蛾科,M,Miltochrista arcuata
天蛾科,T,Theretra lucasii
草螟蛾科,D,Drosophantis caeruleata
草螟蛾科,N,Nacoleia charesalis
裳蛾科,I,Ilema olivacea
草螟蛾科,C,Cataclysta angulata
舟蛾科,L,Liparopsis postalbida
草螟蛾科,P,Polythlipta divaricata
尺蛾科,T,Tanaorhinus viridiluteata
尺蛾科,H,Hypomecis percnioides
尺蛾科,P,Parobeidia gigantearia marginifascia
天蛾科,C,Cechetra lineosa
螟蛾科,P,Pyralis regalis
尺蛾科,R,Racotis boarmiaria
尺蛾科,K,Krananda semihyalina
尺蛾科,P,Prochasma squalida
螟蛾科,O,Orthaga olivacea
草螟蛾科,D,Discothyris ferruginata
裳蛾科,B,Barsine sauteri
夜蛾科,A,Aedia perdicipennis
刺蛾科,P,Phrixolepia inouei
草螟蛾科,C,Callibotys carapina
尺蛾科,S,Sarcinodes yeni
尺蛾科,C,Chorodna creataria
裳蛾科,E,Eilema pulverea
草螟蛾科,G,Glyphodes crithealis
尺蛾科,M,Metallaxis semiustus
尺蛾科,K,Krananda lucidaria
鉤蛾科,P,Phalacra kagiensis
燕蛾科,P,Phazaca kosemponicola
尺蛾科,S,Scopula yamanei
裳蛾科,C,Calliteara lunulata takamukuana
尺蛾科,C,Cleora fraterna
尺蛾科,L,Lophobates inchoata
舟蛾科,S,Syntypistis subgeneris subgeneris
斑蛾科,P,Piarosoma fushan
草螟蛾科,E,Eoophyla conjunctalis
尺蛾科,I,Idaea paraula
草螟蛾科,M,Mabra nigriscripta
刺蛾科,O,Orthocraspeda furva
裳蛾科,E,Eugoa brunnea
刺蛾科,M,Monema rubriceps
草螟蛾科,H,Hymenia perspectalis
夜蛾科,C,Callopistria phaeogona
枯葉蛾科,D,Dendrolimus arizana
裳蛾科,B,Bocula diffisa
簑蛾科,E,Eumeta pryeri
捲葉蛾科,C,Cerace stipatana formosana
草螟蛾科,S,Strepsinoma croesusalis
裳蛾科,F,Floridasura tricolor
裳蛾科,H,Hydrillodes nilgirialis
裳蛾科,A,Asota tortuosa
舟蛾科,G,Ginshachia elongata
夜蛾科,X,Xenotrachea albidisca pseudodisca
夜蛾科,S,Sesamia submarginalis
尺蛾科,C,Cleora alienaria
裳蛾科,N,Nephelomilta karenkonis
裳蛾科,D,Diduga taiwana
舟蛾科,D,Disparia wilemani
裳蛾科,H,Hyposada fasciosa
草螟蛾科,G,Gargela renatusalis
尺蛾科,L,Lipomelia subusta
裳蛾科,A,Asota plana lacteata
裳蛾科,S,Sophta diplochorda
裳蛾科,P,Pelosia muscerda tetrasticta
裳蛾科,B,Barsura albidorsalis
裳蛾科,L,Lymantria concolor concolor
鉤蛾科,C,Callidrepana patrana
尺蛾科,P,Psilalcis albibasis
瘤蛾科,T,Tympanistes fusimargo
夜蛾科,D,Discibocome pulchra
尺蛾科,C,Celenna festivaria formosensis
瘤蛾科,S,Siglophora ferreilutea
螟蛾科,O,Orybina flaviplaga
螟蛾科,E,Endotricha mesenterialis
裳蛾科,A,Artaxa kanshireia
天蛾科,T,Theretra nessus nessus
天蛾科,P,Polyptychus chinensis chinensis
草螟蛾科,A,Agrioglypta itysalis
夜蛾科,C,Ctenoplusia albostriata
舞蛾科,C,Choreutis xanthogramma
尺蛾科,L,Luxiaria costinota
裳蛾科,C,Calliteara arizana
樺蛾科,P,Prismosticta fenestrata
舟蛾科,N,Notodonta griseotincta
尺蛾科,H,Harutalcis fumigata
尺蛾科,P,Parectropis subflava
裳蛾科,H,Herminia terminalis
裳蛾科,C,Cyana subalba
尺蛾科,M,Menophra anaplagiata
尺蛾科,D,Deileptenia rimosaria
裳蛾科,A,Avatha chinensis
裳蛾科,P,Pida decolorata maculosa
舟蛾科,P,Periergos magna
裳蛾科,N,Nudaria ranruna
尺蛾科,D,Dindica taiwana
尺蛾科,T,Tyloptera bella ogatai
裳蛾科,M,Metaemene hampsoni
夜蛾科,C,Callopistria japonibia
草螟蛾科,E,Eugauria albidentata
瘤蛾科,G,Gabala argentata
裳蛾科,D,Dichromia indicatalis
天蛾科,H,Hippotion rosetta
尺蛾科,A,Arichanna marginata
尺蛾科,A,Acolutha pictaria imbecilla
尺蛾科,D,Dilophodes elegans khasiana
舟蛾科,C,Clostera anachoreta
尺蛾科,D,Dischidesia cinerea
刺蛾科,A,Altha melanopsis
尺蛾科,C,Catarhoe obscura
尺蛾科,O,Ourapteryx changi
夜蛾科,K,Karana gemmifera
裳蛾科,N,Nudaria suffusa
裳蛾科,T,Thyas juno
尺蛾科,B,Borbacha pardaria
尺蛾科,D,Discoglypha locupletata
鉤蛾科,L,Leucoblepsis taiwanensis
夜蛾科,C,Chorsia mollicula
裳蛾科,P,Perciana taiwana
夜蛾科,C,Ctenoplusia adiaphora
鉤蛾科,O,Oreta brunnea
裳蛾科,C,Chinasa costalis bicoloriceps
裳蛾科,E,Ercheia cyllaria
螟蛾科,T,Teliphasa nubilosa
尺蛾科,C,Chlorissa arcana
瘤蛾科,K,Kerala lentiginosa
裳蛾科,E,Eugoa grisea
尺蛾科,A,Aethalura duplicata
尺蛾科,P,Peratostega deletaria deletaria
瘤蛾科,B,Blenina quinaria
尺蛾科,H,Heterophleps variegata
尺蛾科,E,Entomopteryx rubridisca
尺蛾科,S,Sibatania arizana arizana
裳蛾科,L,Lophoruza lunifera
裳蛾科,E,Eudocima homaena
草螟蛾科,G,Glyphodes duplicalis
裳蛾科,E,Enispa elataria
裳蛾科,H,Hipoepa fractalis
草螟蛾科,G,Glyphodes onychinalis
舟蛾科,C,Cnethodonta grisescens baibarana
舟蛾科,T,Tarsolepis japonica
刺蛾科,G,Griseothosea fasciata
駝蛾科,H,Hyblaea firmamentum
帶蛾科,A,Apha horishana
天蛾科,M,Macroglossum neotroglodytus
天蠶蛾科,R,Rinaca thibeta okurai
裳蛾科,C,Chalciope mygdon
尺蛾科,E,Ectropis excellens
舟蛾科,S,Syntypistis pallidifascia pallidifascia
舟蛾科,H,Higena trichosticha
裳蛾科,P,Pseudosphetta moorei
尺蛾科,E,Ectropis arizanensis
天蛾科,H,Hippotion velox
夜蛾科,X,Xanthodes transversa
天蛾科,M,Macroglossum sitiene
天蛾科,A,Ampelophaga rubiginosa myosotis
裳蛾科,H,Hulodes caranea
裳蛾科,N,Nudaria diaphanella
刺蛾科,B,Birthamula rufa
尺蛾科,A,Arichanna picaria
尺蛾科,S,Synegiodes ornata
裳蛾科,L,Locharna strigipennis
展足蛾科,S,Stathmopoda fusciumeraris
尺蛾科,E,Ectropis bhurmitra
裳蛾科,O,Ophiusa disjungens indiscriminata
天蠶蛾科,S,Saturnia pyretorum
尺蛾科,N,Naxidia punctata
天蛾科,M,Macroglossum saga
裳蛾科,B,Bastilla fulvotaenia
尺蛾科,G,Gymnoscelis tristrigosa
斑蛾科,P,Pidorus atratus
裳蛾科,I,Ischyja ferrifracta
尺蛾科,A,Agathia hemithearia
夜蛾科,C,Chrysodeixis eriosoma
裳蛾科,E,Eudocima okurai
草螟蛾科,G,Glyphodes bivitralis
鉤蛾科,H,Habrosyne indica formosana
舟蛾科,B,Benbowia takamukuanus
草螟蛾科,C,Crocidolomia pavonana
裳蛾科,C,Carsina kanshireiensis
裳蛾科,B,Bastilla joviana joviana
尺蛾科,B,Biston marginata
裳蛾科,A,Achaea janata
天蛾科,L,Langia zenzeroides formosana
尺蛾科,P,Psyra spurcataria
尾夜蛾科,L,Lophoptera squammigera
天蛾科,C,Cechetra minor
天蛾科,M,Marumba saishiuana formosana
夜蛾科,C,Checupa stegeri
菜蛾科,P,Plutella xylostella
尺蛾科,E,Ecliptopera delecta
尺蛾科,P,Palpoctenidia phoenicosoma semilauta
尺蛾科,C,Calletaera basipuncta
裳蛾科,E,Eutrogia morosa
草螟蛾科,B,Bocchoris inspersalis
裳蛾科,H,Hypersypnoides punctosa
裳蛾科,H,Hemipsilia coavestis
裳蛾科,H,Hypena sinuosa
尺蛾科,L,Lobogonia aculeata
夜蛾科,M,Mythimna yu
裳蛾科,M,Mecodina praecipua
夜蛾科,M,Mythimna albomarginata rubea
天蛾科,N,Neogurelca himachala sangaica
草螟蛾科,C,Circobotys aurealis
裳蛾科,N,Nyctemera albofasciata
裳蛾科,C,Cyana propinqua
舞蛾科,C,Choreutis sexfasciella
裳蛾科,A,Amsactoides solitaria
裳蛾科,M,Miltochrista ziczac
折角蛾科,D,Deltoplastis commatopa
舟蛾科,S,Syntypistis cyanea cyanea
鉤蛾科,N,Neoreta purpureofascia
刺蛾科,P,Phlossa conjuncta
尺蛾科,P,Percnia luridaria nominoneura
裳蛾科,C,Churinga virago
裳蛾科,S,Semiothisops macariata
裳蛾科,M,Matsumursine horishanella
刺蛾科,N,Narosa nigrisigna
夜蛾科,E,Exsula albomaculata
鉤蛾科,T,Tridrepana arikana
舟蛾科,C,Chadisra bipars
裳蛾科,O,Olene baibarana
舟蛾科,M,Mesophalera sigmata
尺蛾科,C,Collix stellata
尺蛾科,C,Chorodna ochreimacula
裳蛾科,M,Mecodina subcostalis
刺蛾科,S,Sansarea formosana
燕蛾科,W,Warreniplema fumicosta
燕蛾科,P,Pseudomicronia advocataria
刺蛾科,T,Thosea sinensis
尺蛾科,E,Entomopteryx combusta
天蛾科,T,Theretra oldenlandiae oldenlandiae
尺蛾科,X,Xandrames dholaria
尺蛾科,S,Scopula propinquaria
尺蛾科,X,Xerodes albonotaria aritai
舟蛾科,D,Dudusa synopla
刺蛾科,S,Setora postornata
裳蛾科,D,Dichromia trigonalis
草螟蛾科,A,Aethaloessa calidalis tiphalis
裳蛾科,E,Eressa confinis finitima
裳蛾科,P,Parallelia stuposa
天蛾科,R,Rhagastis castor formosana
尺蛾科,P,Psilalcis breta rantaizana
草螟蛾科,P,Paracymoriza nigra
尺蛾科,T,Thinopteryx nebulosa
枯葉蛾科,B,Bharetta owadai
螟蛾科,D,Doloessa viridis
夜蛾科,T,Trisuloides sericea
裳蛾科,B,Blasticorhinus bifasciata
裳蛾科,A,Aemene taiwana
枯葉蛾科,C,Cosmotriche discitincta discitincta
鉤蛾科,S,Sewa taiwana
尺蛾科,H,Hypocometa clauda
尺蛾科,G,Gnophos delitescens
裳蛾科,G,Goniocraspidum pryeri
裳蛾科,L,Lymantria iris
舟蛾科,C,Chadisra bipartita
天蛾科,M,Macroglossum fritzei
裳蛾科,A,Arna bipunctapex
鉤蛾科,O,Oreta loochooana
尺蛾科,C,Chrysocraspeda sanguinea
夜蛾科,P,Phlogophora albovittata
舟蛾科,S,Stauropus alternus alternus
鉤蛾科,H,Horithyatira decorata takamukui
夜蛾科,A,Acronicta intermedia
尺蛾科,U,Uliura infausta
尺蛾科,O,Opisthograptis punctilineata
捲葉蛾科,A,Arcesis threnodes
折角蛾科,T,Tisis mesozosta
螟蛾科,A,Arctioblepsis rubida
裳蛾科,R,Rusicada fulvida
裳蛾科,P,Parolulis renalis
裳蛾科,H,Hyperlopha compactilis
裳蛾科,H,Hypena albopunctalis
裳蛾科,E,Euproctis croceola
舟蛾科,F,Formofentonia orbifer rotundata
夜蛾科,D,Diarsia subtincta
舟蛾科,M,Methodioptera bruno
天蛾科,A,Ambulyx sericeipennis
尺蛾科,Z,Ziridava kanshireiensis
裳蛾科,S,Sinarella nigrisigna
尺蛾科,C,Comibaena procumbaria
天蛾科,D,Daphnis nerii
斑蛾科,M,Milleria formosana contradicta
裳蛾科,E,Euproctis inornata
天蛾科,M,Macroglossum corythus corythus
草螟蛾科,A,Analyta apicalis
草螟蛾科,P,Patania iopasalis
裳蛾科,O,Ophiusa trapezium
尺蛾科,A,Agathia laetata
尺蛾科,P,Plesiomorpha flaviceps
刺蛾科,D,Demonarosa rufotessellata subrosea
舟蛾科,R,Ramesa albistriga
刺蛾科,N,Nagodopsis shirakiana
裳蛾科,G,Gonitis mesogona
裳蛾科,H,Herminia undulata
夜蛾科,P,Plusiopalpa adrasta shisa
天蛾科,M,Macroglossum divergens heliophila
尺蛾科,S,Spaniocentra hollowayi
天蠶蛾科,A,Antheraea formosana
裳蛾科,A,Arctornis l-nigrum okurai
裳蛾科,M,Mecodina albodentata
螟蛾科,H,Herculia pelasgalis
裳蛾科,R,Rivula aequalis
枯葉蛾科,D,Dendrolimus punctatus
夜蛾科,C,Callopistria placodoides
螟蛾科,A,Arippara indicator
尺蛾科,S,Sarcinodes mongaku
尺蛾科,E,Ecliptopera umbrosaria stathera
尺蛾科,H,Hypomecis cineracea
裳蛾科,D,Diduga nantouensis
天蛾科,A,Acosmeryx formosana
草螟蛾科,C,Cnaphalocrocis limbalis
草螟蛾科,R,Rhectothyris gratiosalis
裳蛾科,A,Asota caricae
尾夜蛾科,A,Aplotelia diplographa
裳蛾科,C,Cephena costata
尺蛾科,C,Corymica deducta
夜蛾科,M,Mimeusemia vilemani
燕蛾科,C,Chundana emarginata
夜蛾科,T,Thysanoplusia orichalcea
裳蛾科,I,Ilema kosemponica
鉤蛾科,T,Thyatira batis formosicola
裳蛾科,C,Calyptra minuticornis bisacutum
舟蛾科,S,Semidonta basalis
天蛾科,M,Macroglossum pyrrhosticta
尺蛾科,N,Nadagara vagaia
尺蛾科,A,Agaraeus discolor
裳蛾科,P,Psimada quadripennis
燕蛾科,D,Dysaethria scopocera formosibia
草螟蛾科,G,Glyphodes actorionalis
裳蛾科,P,Progonia oileusalis
鉤蛾科,S,Strepsigonia diluta takamukui
尺蛾科,C,Catoria olivescens olivescens
尺蛾科,P,Perixera illepidaria
裳蛾科,S,Scedopla umbrosa
裳蛾科,A,Asuridia inouei
裳蛾科,H,Huangilene alikangiae alikangiae
草螟蛾科,T,Talanga sexpunctalis
裳蛾科,B,Bertula parallela
裳蛾科,D,Dura alba
尺蛾科,P,Phthonandria atrilineata cuneilinearia
夜蛾科,A,Apsarasa radians
尺蛾科,M,Menophra taiwana
鉤蛾科,A,Auzatellodes arizana
天蛾科,R,Rhagastis mongoliana
折角蛾科,A,Aetherastis albicapilla
裳蛾科,H,Huangilene kutzscheri
裳蛾科,B,Bertula centralis
草螟蛾科,D,Diplopseustis perieresalis
裳蛾科,A,Adrapsa ablualis
裳蛾科,B,Bertula hadenalis
夜蛾科,F,Fascionycta fasciata
尺蛾科,P,Problepsis albidior matsumurai
尺蛾科,H,Hypomecis punctinalis glos
尺蛾科,T,Timandra synthaca
裳蛾科,N,Neeugoa kanshireiensis
尺蛾科,P,Psilalcis pulveraria
裳蛾科,S,Sphrageidus virguncula
尺蛾科,P,Pogonopygia nigralbata
裳蛾科,K,Katha arizana
尺蛾科,H,Hydatocapnia gemina
裳蛾科,A,Aemene punctilinea
裳蛾科,M,Medama diplaga
草螟蛾科,P,Piletocera aegimiusalis
裳蛾科,H,Hypena iconicalis
瘤蛾科,N,Nola lucidalis nephodes
裳蛾科,M,Macaldenia palumba
裳蛾科,D,Dierna strigata
網蛾科,H,Herimba formosa
裳蛾科,P,Paracolax fentoni
裳蛾科,Z,Zurobata vacillans
裳蛾科,L,Laspeyria olivata
尺蛾科,C,Corymica arnearia
裳蛾科,E,Eublemma quadrapex
蕈蛾科,M,Machaeropteris petalacma
尺蛾科,H,Heterolocha satoi
尺蛾科,L,Leptomiza calcearia calcearia
尺蛾科,L,Lomographa percnosticta
尺蛾科,C,Calluga costalis
鉤蛾科,M,Macrauzata minor
鉤蛾科,T,Tridrepana unispina
尺蛾科,O,Ourapteryx caecata
舟蛾科,B,Besaia sordida
尺蛾科,C,Comibaena pictipennis pictipennis
蕈蛾科,T,Tinissa indica
瘤蛾科,N,Negeta contrariata
裳蛾科,B,Blavia scoteola
枯葉蛾科,G,Gastropacha pardale formosana
尺蛾科,A,Asthena undulata
尺蛾科,T,Tristeirometa decussata moltrechti
尺蛾科,G,Garaeus apicata formosanus
鉤蛾科,L,Leucoblepsis fenestraria
尺蛾科,G,Gasterocome pannosaria orta
尺蛾科,H,Hemistola simplex
裳蛾科,A,Adrapsa simplex
天蛾科,M,Marumba gaschkewitschii gressitti
枯葉蛾科,G,Gastropacha horishana horishana
夜蛾科,S,Spodoptera picta
燕蛾科,L,Lyssa zampa
草螟蛾科,G,Glyphodes stolalis
尾夜蛾科,A,Anigraea homochroa
舟蛾科,A,Allodontoides tenebrosa
裳蛾科,P,Plecoptera siderogramma
尾夜蛾科,A,Atacira affinis
裳蛾科,A,Autoba tristalis
裳蛾科,B,Bastilla amygdalis
裳蛾科,H,Hypospila bolinoides
舟蛾科,S,Somera viridifusca viridifusca
裳蛾科,T,Teuloma tainebula
裳蛾科,M,Mosopia punctilinea
尺蛾科,L,Luxiaria amasa amasa
草螟蛾科,T,Tyspanodes striata
尺蛾科,C,Chiasmia perfusaria
草螟蛾科,F,Filodes fulvidorsalis
天蛾科,T,Theretra silhetensis silhetensis
尺蛾科,M,Menophra parahumeraria
夜蛾科,A,Athetis brunneolineosa
裳蛾科,S,Simplicia discosticta
捲葉蛾科,C,Cryptophlebia repletana
裳蛾科,H,Hydrillodes gravatalis
舟蛾科,T,Tensha striatella
裳蛾科,S,Spilosoma fumida
尺蛾科,A,Alcis admissaria undularia
裳蛾科,E,Euproctis nigricauda
鉤蛾科,H,Horipsestis aenea aenea
裳蛾科,R,Rivula niveipuncta
夜蛾科,C,Callyna monoleuca
裳蛾科,M,Meteugoa ochrivena japonica
裳蛾科,L,Lophoruza albicostalis
裳蛾科,N,Nechesia albodentata
尺蛾科,S,Sarcinodes carnearia
裳蛾科,L,Lymantria grisea
裳蛾科,S,Simplicia bimarginata
夜蛾科,C,Callyna semivitta
刺蛾科,I,Iraga rugosa
舟蛾科,P,Pheosiopsis cinerea formosana
舟蛾科,R,Rachiades lichenicolor albimaculata
尺蛾科,C,Chrysocraspeda faganaria
舟蛾科,H,Hexafrenum leucodera yamamotoi
裳蛾科,D,Dichromia sagitta
瘤蛾科,B,Blenina senex
錨紋蛾科,T,Tetragonus catamitus
尾夜蛾科,L,Lophoptera phaeobasis
夜蛾科,A,Agrotis ipsilon
裳蛾科,P,Pangrapta costinotata
刺蛾科,M,Miresa fulgida
鉤蛾科,O,Oreta fuscopurpurea
夜蛾科,N,Niphonyx segregata
裳蛾科,C,Cosmophila lyona
裳蛾科,A,Ataboruza divisa
網蛾科,H,Herimba disconjuncta
尺蛾科,P,Perixera absconditaria
尺蛾科,J,Jodis rantaizanensis
駝蛾科,H,Hyblaea constellata
刺蛾科,Q,Quasinarosa corusca
尺蛾科,P,Protuliocnemis castalaria
蠹蛾科,P,Polyphagozerra coffeae
刺蛾科,F,Flavinarosa obscura
草螟蛾科,D,Diaphania indica
天蛾科,M,Macroglossum passalus
舟蛾科,N,Norracoides basinotata
夜蛾科,M,Mythimna subplacida
裳蛾科,L,Lemyra fallaciosa
燕蛾科,A,Acropteris leptaliata
尺蛾科,D,Doratoptera lutea
裳蛾科,L,Laspeyria ruficeps
裳蛾科,P,Paracolax pryeri
尺蛾科,A,Abaciscus tristis tristis
鉤蛾科,M,Microblepsis violacea
帶蛾科,G,Ganisa formosicola
尺蛾科,H,Hastina subfalcaria caeruleolineata
尺蛾科,P,Phthonoloba viridifasciata
裳蛾科,E,Eugoa cernyi
鉤蛾科,M,Macrocilix maia
尺蛾科,C,Comostola pyrrhogona
草螟蛾科,C,Caldubotys caldusalis
舟蛾科,S,Stauropus teikichiana teikichiana
尺蛾科,D,Dindica polyphaenaria
夜蛾科,G,Globia punctilinea
舟蛾科,N,Neodrymonia basalis seriatopunctata
裳蛾科,T,Taicallimorpha albipuncta
草螟蛾科,H,Hyalobathra coenostolalis
裳蛾科,E,Erygia apicalis
尺蛾科,H,Herochroma cristata
裳蛾科,C,Catocala macula macula
尺蛾科,A,Anisephyra ocularia
裳蛾科,H,Hypopyra vespertilio
斑蛾科,F,Fuscartona martini
裳蛾科,A,Arasada pyraliformis
刺蛾科,S,Scopelodes contractus
夜蛾科,P,Pseudodeltote postvittata
裳蛾科,B,Batracharta divisa
尺蛾科,C,Corymica pryeri
裳蛾科,H,Hypenagonia obliquifascia
天蛾科,P,Phyllosphingia dissimilis dissimilis
裳蛾科,A,Ammatho tairadiata
天蠶蛾科,R,Rhodinia verecunda
舟蛾科,S,Stauropus sikkimensis lushanus
舟蛾科,S,Syntypistis umbrosa
尺蛾科,M,Micronidia intermedia
舟蛾科,N,Neopheosia fasciata fasciata
草螟蛾科,A,Analthes taihokualis
草螟蛾科,L,Lipararchis tranquillalis
草螟蛾科,G,Glyphodes pyloalis
裳蛾科,A,Aloa lactinea
枯葉蛾科,E,Euthrix nigropuncta
瘤蛾科,S,Selepa celtis
舟蛾科,S,Syntypistis viridipicta
裳蛾科,B,Bocula marginata
夜蛾科,A,Anadevidia peponis
鉤蛾科,T,Tethea oberthueri taiwana
夜蛾科,A,Apospasta rantaizanensis
草螟蛾科,P,Pagyda auroralis
尺蛾科,H,Herochroma supraviridaria
裳蛾科,P,Pida postalba
折角蛾科,C,Caveana senuri
裳蛾科,C,Calliteara taiwana
裳蛾科,E,Eudocima tyrannus
瘤蛾科,E,Eligma narcissus
尺蛾科,S,Somatina plynusaria
羽蛾科,D,Diacrotricha fasciola
裳蛾科,N,Nagadeba indecoralis
尺蛾科,D,Dindica purpurata
裳蛾科,A,Anachrostis marginata
裳蛾科,C,Cosmophila flava
舟蛾科,L,Lophontosia fusca
裳蛾科,E,Euproctis purpureofasciata
尺蛾科,L,Lophophelma taiwana
尺蛾科,M,Macaria abydata
夜蛾科,A,Acronicta pruinosa
夜蛾科,M,Mythimna separata
草螟蛾科,P,Palpita asiaticalis
草螟蛾科,G,Glyphodes canthusalis
尺蛾科,I,Idiochlora ussuriaria mundaria
夜蛾科,M,Microxyla confusa
裳蛾科,E,Entomogramma fautrix
夜蛾科,H,Helicoverpa armigera
枯葉蛾科,S,Syrastrena sumatrana obliquilinea
尺蛾科,E,Eilicrinia flava
裳蛾科,H,Hadennia hisbonalis
尺蛾科,H,Heteralex aspersa formosana
瘤蛾科,N,Nola fasciata
裳蛾科,S,Spilarctia taiwanensis
尺蛾科,G,Gonodontis pallida
裳蛾科,A,Aroa substrigosa
尺蛾科,C,Chiasmia monticolaria notia
裳蛾科,C,Creatonotos gangis
天蠶蛾科,A,Antheraea pernyi
裳蛾科,E,Eugoa formosicola
尾夜蛾科,P,Penicillaria jocosatrix
裳蛾科,R,Rivula striatura
裳蛾科,M,Mecodina cineracea
草螟蛾科,G,Glauconoe deductalis
螟蛾科,E,Endotricha minialis
裳蛾科,O,Oglasa costimacula
鉤蛾科,D,Drepana pallida nigromaculata
裳蛾科,R,Rivula basalis
尺蛾科,P,Pareclipsis umbrata
裳蛾科,G,Goniocraspedon variegata
裳蛾科,C,Cruxoruza decorata
裳蛾科,U,Utetheisa lotrix
裳蛾科,H,Hypena taiwana
夜蛾科,S,Sesamia nigropunctata
尺蛾科,H,Harutaea flavizona
草螟蛾科,S,Symmoracma minoralis
尺蛾科,A,Amblychia moltrechti
裳蛾科,B,Bastilla acuta acuta
瘤蛾科,N,Nola formosalesa
裳蛾科,K,Katha magnata magnata
草螟蛾科,H,Hyalobathra illectalis
裳蛾科,H,Herminia grisealis
捲葉蛾科,I,Isodemis proxima
夜蛾科,C,Cymatophoropsis formosana
尺蛾科,A,Alcis semiusta
草螟蛾科,C,Chabula acamasalis
長足蛾科,A,Ashinaga longimana
尺蛾科,G,Gnophos caenosa
尺蛾科,A,Axinoptera anticostalis
尺蛾科,G,Gonanticlea aversa
夜蛾科,C,Callopistria nobilior
夜蛾科,D,Dipterygina cupreotincta
夜蛾科,D,Diarsia formosensis
尺蛾科,O,Odontopera bilinearia subarida
裳蛾科,G,Gesonia obeditalis
尺蛾科,A,Acasis viretata himalayica
斑蛾科,P,Piarosoma extravagans
夜蛾科,M,Mythimna radiata
尺蛾科,L,Lomographa inamata
草螟蛾科,B,Botyodes asialis
裳蛾科,L,Lymantria umbrifera
尺蛾科,D,Derambila dentifera
夜蛾科,A,Aedia leucomelas
尺蛾科,C,Comibaena cassidara
裳蛾科,H,Herminia kurokoi
尺蛾科,C,Comibaena subdelicata
尺蛾科,L,Lomographa claripennis
裳蛾科,P,Pilipectus taiwanus
夜蛾科,T,Thysanoplusia intermixta
尺蛾科,A,Amblychia sauteri
尺蛾科,M,Mesoptila melanolopha
尺蛾科,P,Protuliocnemis partita
草螟蛾科,S,Sameodes cancellalis
蕈蛾科,P,Pyloetis mimosae
裳蛾科,H,Hypocala subsatura
折角蛾科,L,Lecitholaxa thiodora
夜蛾科,M,Mythimna sinuosa
尺蛾科,O,Orthonama obstipata
鉤蛾科,M,Microblepsis rugosa
刺蛾科,H,Hampsonella arizana
